,Tube,Accuracy
0,4,0.9456521739130435
1,4,0.9239130434782609
