,Run,Accuracy
0,0,0.3157894736842105
1,1,0.3157894736842105
2,0,0.3473684210526316
3,1,0.28421052631578947
